date,hour,temperature_C,Witnessed_demand_MW,is_holiday
2025-03-08,0,39.9,383.71,0
2025-03-08,1,44.4,352.91,0
2025-03-08,2,27.0,388.11,0
2025-03-08,3,40.7,359.47,0
2025-03-08,4,35.2,290.84,0
2025-03-08,5,43.9,540.42,0
2025-03-08,6,36.9,441.75,0
2025-03-08,7,28.6,327.92,0
2025-03-08,8,26.1,281.11,0
2025-03-08,9,28.8,492.85,0
2025-03-08,10,33.9,409.96,0
2025-03-08,11,31.2,322.16,0
2025-03-08,12,29.4,458.36,0
2025-03-08,13,42.0,323.33,0
2025-03-08,14,39.0,394.35,0
2025-03-08,15,25.2,449.31,0
2025-03-08,16,32.0,369.52,0
2025-03-08,17,28.5,467.98,0
2025-03-08,18,38.7,458.14,0
2025-03-08,19,25.6,458.79,0
2025-03-08,20,29.5,363.82,0
2025-03-08,21,21.5,273.11,0
2025-03-08,22,34.6,513.39,0
2025-03-08,23,24.8,406.57,0
2025-03-09,0,23.1,325.87,1
2025-03-09,1,37.6,513.16,1
2025-03-09,2,28.7,254.62,1
2025-03-09,3,44.5,413.16,1
2025-03-09,4,40.3,315.19,1
2025-03-09,5,31.6,450.94,1
2025-03-09,6,27.3,456.45,1
2025-03-09,7,35.3,515.82,1
2025-03-09,8,32.1,451.05,1
2025-03-09,9,24.9,362.82,1
2025-03-09,10,30.2,496.34,1
2025-03-09,11,37.1,329.88,1
2025-03-09,12,41.4,420.64,1
2025-03-09,13,21.9,360.97,1
2025-03-09,14,40.9,491.42,1
2025-03-09,15,42.4,485.28,1
2025-03-09,16,29.4,278.7,1
2025-03-09,17,28.9,429.69,1
2025-03-09,18,22.3,451.55,1
2025-03-09,19,26.4,397.53,1
2025-03-09,20,36.5,406.49,1
2025-03-09,21,32.5,330.5,1
2025-03-09,22,44.1,478.42,1
2025-03-09,23,35.1,445.57,1
2025-03-10,0,29.2,416.3,0
2025-03-10,1,23.7,252.79,0
2025-03-10,2,41.4,392.73,0
2025-03-10,3,34.8,455.33,0
2025-03-10,4,30.6,463.27,0
2025-03-10,5,27.0,461.95,0
2025-03-10,6,25.8,278.71,0
2025-03-10,7,40.9,437.64,0
2025-03-10,8,35.3,412.67,0
2025-03-10,9,32.4,302.9,0
2025-03-10,10,26.2,466.67,0
2025-03-10,11,39.0,320.66,0
2025-03-10,12,23.5,400.02,0
2025-03-10,13,34.2,514.12,0
2025-03-10,14,29.7,407.06,0
2025-03-10,15,38.3,336.37,0
2025-03-10,16,24.4,263.07,0
2025-03-10,17,40.6,356.68,0
2025-03-10,18,24.8,290.17,0
2025-03-10,19,43.9,376.74,0
2025-03-10,20,39.0,524.49,0
2025-03-10,21,33.5,383.9,0
2025-03-10,22,28.7,405.28,0
2025-03-10,23,29.9,479.38,0
2025-03-11,0,36.5,391.99,0
2025-03-11,1,36.4,364.94,0
2025-03-11,2,37.3,371.29,0
2025-03-11,3,29.3,442.97,0
2025-03-11,4,40.2,502.49,0
2025-03-11,5,35.6,290.95,0
2025-03-11,6,42.3,447.53,0
2025-03-11,7,27.3,313.32,0
2025-03-11,8,24.2,320.07,0
2025-03-11,9,36.4,526.71,0
2025-03-11,10,35.0,279.34,0
2025-03-11,11,23.3,395.26,0
2025-03-11,12,22.2,266.16,0
2025-03-11,13,37.7,431.39,0
2025-03-11,14,41.4,412.95,0
2025-03-11,15,21.3,375.04,0
2025-03-11,16,40.2,314.14,0
2025-03-11,17,42.2,512.43,0
2025-03-11,18,44.6,493.85,0
2025-03-11,19,31.0,496.16,0
2025-03-11,20,25.5,465.97,0
2025-03-11,21,41.5,456.14,0
2025-03-11,22,23.8,352.43,0
2025-03-11,23,23.8,282.72,0
2025-03-12,0,41.0,510.89,0
2025-03-12,1,21.0,332.82,0
2025-03-12,2,22.9,302.4,0
2025-03-12,3,33.9,368.71,0
2025-03-12,4,42.3,337.09,0
2025-03-12,5,27.6,482.4,0
2025-03-12,6,42.1,350.83,0
2025-03-12,7,23.4,295.48,0
2025-03-12,8,34.8,305.16,0
2025-03-12,9,24.6,435.18,0
2025-03-12,10,40.3,355.44,0
2025-03-12,11,23.4,436.17,0
2025-03-12,12,31.4,487.17,0
2025-03-12,13,27.4,437.85,0
2025-03-12,14,33.2,478.24,0
2025-03-12,15,43.3,437.01,0
2025-03-12,16,30.6,509.66,0
2025-03-12,17,33.9,439.45,0
2025-03-12,18,39.6,304.7,0
2025-03-12,19,31.1,469.59,0
2025-03-12,20,25.4,390.48,0
2025-03-12,21,26.2,480.23,0
2025-03-12,22,36.0,458.48,0
2025-03-12,23,42.4,472.76,0
2025-03-13,0,36.4,287.17,0
2025-03-13,1,23.1,246.94,0
2025-03-13,2,39.7,522.11,0
2025-03-13,3,21.6,436.68,0
2025-03-13,4,39.4,500.87,0
2025-03-13,5,27.0,431.33,0
2025-03-13,6,39.7,531.89,0
2025-03-13,7,41.3,407.22,0
2025-03-13,8,31.8,509.68,0
2025-03-13,9,22.8,416.42,0
2025-03-13,10,38.7,491.81,0
2025-03-13,11,25.3,353.07,0
2025-03-13,12,36.6,378.06,0
2025-03-13,13,41.5,342.45,0
2025-03-13,14,32.5,269.29,0
2025-03-13,15,25.2,479.67,0
2025-03-13,16,31.2,365.64,0
2025-03-13,17,28.7,277.77,0
2025-03-13,18,44.4,447.16,0
2025-03-13,19,21.3,436.02,0
2025-03-13,20,41.9,455.73,0
2025-03-13,21,32.7,335.07,0
2025-03-13,22,21.7,313.41,0
2025-03-13,23,36.0,444.74,0
2025-03-14,0,21.4,306.33,0
2025-03-14,1,31.6,425.85,0
2025-03-14,2,40.3,547.93,0
2025-03-14,3,35.7,289.4,0
2025-03-14,4,23.3,414.33,0
2025-03-14,5,26.6,338.47,0
2025-03-14,6,29.8,337.04,0
2025-03-14,7,44.7,398.51,0
2025-03-14,8,22.7,288.25,0
2025-03-14,9,21.3,230.38,0
2025-03-14,10,44.5,336.83,0
2025-03-14,11,21.6,340.74,0
2025-03-14,12,30.2,273.15,0
2025-03-14,13,38.3,514.26,0
2025-03-14,14,36.0,392.24,0
2025-03-14,15,20.1,431.99,0
2025-03-14,16,20.0,293.23,0
2025-03-14,17,23.5,274.91,0
2025-03-14,18,27.9,498.72,0
2025-03-14,19,27.8,426.62,0
2025-03-14,20,38.8,391.84,0
2025-03-14,21,32.0,363.02,0
2025-03-14,22,23.4,311.76,0
2025-03-14,23,28.4,383.81,0
2025-03-15,0,27.4,348.96,0
2025-03-15,1,28.4,408.22,0
2025-03-15,2,43.9,550.92,0
2025-03-15,3,20.9,337.49,0
2025-03-15,4,28.5,488.14,0
2025-03-15,5,41.8,324.13,0
2025-03-15,6,31.0,490.18,0
2025-03-15,7,24.5,254.78,0
2025-03-15,8,44.3,348.02,0
2025-03-15,9,26.3,444.61,0
2025-03-15,10,31.0,441.37,0
2025-03-15,11,42.8,378.21,0
2025-03-15,12,35.5,379.87,0
2025-03-15,13,44.4,517.98,0
2025-03-15,14,32.3,438.27,0
2025-03-15,15,40.8,305.04,0
2025-03-15,16,35.2,484.25,0
2025-03-15,17,21.4,288.46,0
2025-03-15,18,33.9,436.03,0
2025-03-15,19,40.9,406.84,0
2025-03-15,20,27.6,377.19,0
2025-03-15,21,30.6,294.8,0
2025-03-15,22,27.6,393.89,0
2025-03-15,23,33.8,496.96,0
2025-03-16,0,43.7,526.07,1
2025-03-16,1,29.5,497.76,1
2025-03-16,2,22.1,308.4,1
2025-03-16,3,37.4,525.31,1
2025-03-16,4,30.4,410.89,1
2025-03-16,5,31.7,482.99,1
2025-03-16,6,30.2,438.52,1
2025-03-16,7,31.5,393.44,1
2025-03-16,8,26.0,254.81,1
2025-03-16,9,24.3,385.8,1
2025-03-16,10,38.2,374.11,1
2025-03-16,11,35.3,466.29,1
2025-03-16,12,28.9,376.32,1
2025-03-16,13,42.7,533.79,1
2025-03-16,14,20.2,279.03,1
2025-03-16,15,23.9,385.15,1
2025-03-16,16,28.8,464.4,1
2025-03-16,17,21.6,302.72,1
2025-03-16,18,27.9,372.3,1
2025-03-16,19,43.3,403.86,1
2025-03-16,20,38.2,516.58,1
2025-03-16,21,26.1,390.38,1
2025-03-16,22,31.4,437.43,1
2025-03-16,23,38.3,475.49,1
2025-03-17,0,41.2,492.84,0
2025-03-17,1,29.9,281.06,0
2025-03-17,2,36.4,302.64,0
2025-03-17,3,42.4,469.21,0
2025-03-17,4,30.9,282.94,0
2025-03-17,5,32.3,298.91,0
2025-03-17,6,39.5,345.34,0
2025-03-17,7,34.0,277.18,0
2025-03-17,8,42.1,385.71,0
2025-03-17,9,31.4,413.97,0
2025-03-17,10,20.8,326.63,0
2025-03-17,11,31.1,347.74,0
2025-03-17,12,31.9,377.58,0
2025-03-17,13,31.1,286.64,0
2025-03-17,14,21.0,286.58,0
2025-03-17,15,31.4,452.61,0
2025-03-17,16,21.4,390.7,0
2025-03-17,17,29.7,446.37,0
2025-03-17,18,21.5,273.24,0
2025-03-17,19,24.7,468.93,0
2025-03-17,20,36.3,324.23,0
2025-03-17,21,31.4,507.05,0
2025-03-17,22,23.7,435.23,0
2025-03-17,23,35.1,465.56,0
2025-03-18,0,33.2,270.85,0
2025-03-18,1,25.9,273.91,0
2025-03-18,2,33.6,307.26,0
2025-03-18,3,31.4,379.9,0
2025-03-18,4,20.6,250.25,0
2025-03-18,5,41.8,417.41,0
2025-03-18,6,33.5,284.47,0
2025-03-18,7,30.4,468.35,0
2025-03-18,8,22.8,269.38,0
2025-03-18,9,39.4,450.47,0
2025-03-18,10,31.4,335.01,0
2025-03-18,11,36.8,483.51,0
2025-03-18,12,34.3,508.12,0
2025-03-18,13,21.8,262.88,0
2025-03-18,14,36.8,380.71,0
2025-03-18,15,38.7,301.91,0
2025-03-18,16,27.8,360.17,0
2025-03-18,17,37.5,339.55,0
2025-03-18,18,25.9,290.34,0
2025-03-18,19,38.1,377.69,0
2025-03-18,20,25.5,469.19,0
2025-03-18,21,33.7,394.97,0
2025-03-18,22,20.1,418.02,0
2025-03-18,23,33.1,391.21,0
2025-03-19,0,42.1,493.4,0
2025-03-19,1,26.5,349.53,0
2025-03-19,2,38.3,534.39,0
2025-03-19,3,22.6,397.29,0
2025-03-19,4,39.1,439.69,0
2025-03-19,5,23.0,364.06,0
2025-03-19,6,22.9,460.14,0
2025-03-19,7,33.0,328.86,0
2025-03-19,8,38.4,415.26,0
2025-03-19,9,40.3,470.86,0
2025-03-19,10,39.1,473.38,0
2025-03-19,11,35.3,389.26,0
2025-03-19,12,39.9,308.12,0
2025-03-19,13,33.4,292.02,0
2025-03-19,14,25.5,433.91,0
2025-03-19,15,39.6,408.47,0
2025-03-19,16,44.6,473.2,0
2025-03-19,17,27.7,291.16,0
2025-03-19,18,24.6,253.0,0
2025-03-19,19,29.4,331.51,0
2025-03-19,20,36.5,326.98,0
2025-03-19,21,36.6,527.14,0
2025-03-19,22,28.8,389.05,0
2025-03-19,23,32.7,461.65,0
2025-03-20,0,23.1,418.22,0
2025-03-20,1,32.5,424.75,0
2025-03-20,2,28.3,388.29,0
2025-03-20,3,29.3,383.36,0
2025-03-20,4,25.0,246.43,0
2025-03-20,5,31.2,304.98,0
2025-03-20,6,28.5,455.13,0
2025-03-20,7,36.3,389.12,0
2025-03-20,8,25.5,332.17,0
2025-03-20,9,25.4,379.89,0
2025-03-20,10,41.1,306.71,0
2025-03-20,11,35.4,290.87,0
2025-03-20,12,23.4,308.9,0
2025-03-20,13,37.2,512.87,0
2025-03-20,14,34.6,283.89,0
2025-03-20,15,24.3,261.3,0
2025-03-20,16,36.1,377.25,0
2025-03-20,17,30.7,373.87,0
2025-03-20,18,24.7,346.72,0
2025-03-20,19,38.2,421.36,0
2025-03-20,20,28.3,423.9,0
2025-03-20,21,43.2,487.72,0
2025-03-20,22,31.8,436.35,0
2025-03-20,23,21.1,441.61,0
2025-03-21,0,22.5,410.14,0
2025-03-21,1,26.5,377.49,0
2025-03-21,2,26.5,422.67,0
2025-03-21,3,20.9,294.92,0
2025-03-21,4,25.6,303.26,0
2025-03-21,5,36.4,341.88,0
2025-03-21,6,41.1,335.6,0
2025-03-21,7,26.2,282.79,0
2025-03-21,8,27.5,305.22,0
2025-03-21,9,38.8,464.43,0
2025-03-21,10,42.4,446.52,0
2025-03-21,11,21.6,409.85,0
2025-03-21,12,26.3,276.09,0
2025-03-21,13,40.0,540.44,0
2025-03-21,14,20.4,319.03,0
2025-03-21,15,43.2,553.61,0
2025-03-21,16,41.4,338.62,0
2025-03-21,17,34.1,414.44,0
2025-03-21,18,23.0,471.25,0
2025-03-21,19,36.4,449.11,0
2025-03-21,20,25.2,270.75,0
2025-03-21,21,35.9,372.71,0
2025-03-21,22,35.3,506.86,0
2025-03-21,23,43.7,461.65,0
2025-03-22,0,25.1,361.37,0
2025-03-22,1,34.2,299.46,0
2025-03-22,2,21.0,292.74,0
2025-03-22,3,40.9,516.78,0
2025-03-22,4,23.0,403.99,0
2025-03-22,5,43.7,314.0,0
2025-03-22,6,41.0,305.18,0
2025-03-22,7,34.3,469.12,0
2025-03-22,8,30.6,405.95,0
2025-03-22,9,32.8,344.25,0
2025-03-22,10,43.2,527.59,0
2025-03-22,11,38.8,436.32,0
2025-03-22,12,33.5,336.42,0
2025-03-22,13,35.4,385.8,0
2025-03-22,14,23.4,248.05,0
2025-03-22,15,44.6,329.04,0
2025-03-22,16,39.8,442.7,0
2025-03-22,17,22.4,461.98,0
2025-03-22,18,21.2,425.06,0
2025-03-22,19,35.3,425.49,0
2025-03-22,20,32.3,421.97,0
2025-03-22,21,30.2,429.91,0
2025-03-22,22,35.2,292.03,0
2025-03-22,23,30.0,362.13,0
2025-03-23,0,20.5,278.92,1
2025-03-23,1,40.4,468.72,1
2025-03-23,2,29.9,320.56,1
2025-03-23,3,34.2,523.0,1
2025-03-23,4,32.5,429.74,1
2025-03-23,5,25.8,246.21,1
2025-03-23,6,40.0,317.51,1
2025-03-23,7,35.1,460.98,1
2025-03-23,8,38.0,383.8,1
2025-03-23,9,42.4,401.25,1
2025-03-23,10,24.9,349.86,1
2025-03-23,11,25.0,432.36,1
2025-03-23,12,41.8,321.35,1
2025-03-23,13,32.4,352.78,1
2025-03-23,14,38.6,451.37,1
2025-03-23,15,20.1,239.78,1
2025-03-23,16,22.3,363.04,1
2025-03-23,17,34.2,497.24,1
2025-03-23,18,37.5,449.21,1
2025-03-23,19,40.3,415.2,1
2025-03-23,20,40.4,304.93,1
2025-03-23,21,39.4,489.3,1
2025-03-23,22,44.4,392.07,1
2025-03-23,23,26.0,242.19,1
2025-03-24,0,21.9,462.06,0
2025-03-24,1,35.5,403.16,0
2025-03-24,2,43.9,410.65,0
2025-03-24,3,44.6,476.43,0
2025-03-24,4,44.1,396.47,0
2025-03-24,5,39.8,502.14,0
2025-03-24,6,27.7,436.41,0
2025-03-24,7,42.3,352.56,0
2025-03-24,8,24.5,412.31,0
2025-03-24,9,31.5,496.71,0
2025-03-24,10,35.8,336.79,0
2025-03-24,11,27.8,337.61,0
2025-03-24,12,42.8,418.6,0
2025-03-24,13,30.3,401.29,0
2025-03-24,14,39.8,460.04,0
2025-03-24,15,21.5,419.56,0
2025-03-24,16,34.2,444.8,0
2025-03-24,17,39.5,423.5,0
2025-03-24,18,32.8,444.1,0
2025-03-24,19,44.5,399.99,0
2025-03-24,20,27.1,421.73,0
2025-03-24,21,36.0,461.43,0
2025-03-24,22,38.5,504.96,0
2025-03-24,23,42.5,389.27,0
2025-03-25,0,42.8,470.76,0
2025-03-25,1,44.4,388.29,0
2025-03-25,2,22.8,470.84,0
2025-03-25,3,40.2,378.93,0
2025-03-25,4,35.8,307.47,0
2025-03-25,5,31.4,483.07,0
2025-03-25,6,31.0,435.72,0
2025-03-25,7,37.0,473.72,0
2025-03-25,8,20.8,223.91,0
2025-03-25,9,41.6,444.33,0
2025-03-25,10,40.3,520.93,0
2025-03-25,11,43.3,390.63,0
2025-03-25,12,38.2,300.08,0
2025-03-25,13,25.2,440.15,0
2025-03-25,14,25.1,331.36,0
2025-03-25,15,30.8,503.08,0
2025-03-25,16,31.9,495.12,0
2025-03-25,17,26.2,400.48,0
2025-03-25,18,33.3,314.36,0
2025-03-25,19,26.2,381.29,0
2025-03-25,20,25.1,294.54,0
2025-03-25,21,20.7,462.96,0
2025-03-25,22,25.4,242.82,0
2025-03-25,23,42.8,558.07,0
2025-03-26,0,28.9,298.99,0
2025-03-26,1,40.6,524.94,0
2025-03-26,2,28.7,456.16,0
2025-03-26,3,30.4,501.63,0
2025-03-26,4,42.7,408.22,0
2025-03-26,5,36.2,527.85,0
2025-03-26,6,38.3,359.99,0
2025-03-26,7,33.7,520.99,0
2025-03-26,8,22.0,283.0,0
2025-03-26,9,38.7,466.98,0
2025-03-26,10,44.7,352.88,0
2025-03-26,11,22.2,404.49,0
2025-03-26,12,41.9,374.07,0
2025-03-26,13,33.3,281.05,0
2025-03-26,14,27.7,309.14,0
2025-03-26,15,37.2,454.32,0
2025-03-26,16,36.1,405.03,0
2025-03-26,17,20.3,370.69,0
2025-03-26,18,28.4,300.01,0
2025-03-26,19,21.5,366.3,0
2025-03-26,20,30.1,399.22,0
2025-03-26,21,28.2,365.56,0
2025-03-26,22,24.7,425.93,0
2025-03-26,23,26.5,290.75,0
2025-03-27,0,40.0,543.97,0
2025-03-27,1,32.4,363.9,0
2025-03-27,2,30.8,372.15,0
2025-03-27,3,20.8,394.09,0
2025-03-27,4,40.6,458.76,0
2025-03-27,5,24.1,320.27,0
2025-03-27,6,34.6,460.75,0
2025-03-27,7,42.7,438.19,0
2025-03-27,8,33.3,408.61,0
2025-03-27,9,43.0,335.61,0
2025-03-27,10,39.2,403.41,0
2025-03-27,11,33.3,335.45,0
2025-03-27,12,32.4,278.7,0
2025-03-27,13,24.7,300.34,0
2025-03-27,14,35.3,410.2,0
2025-03-27,15,31.1,324.36,0
2025-03-27,16,38.9,351.89,0
2025-03-27,17,35.1,521.66,0
2025-03-27,18,25.0,293.85,0
2025-03-27,19,45.0,374.4,0
2025-03-27,20,43.7,545.28,0
2025-03-27,21,25.8,296.53,0
2025-03-27,22,27.3,489.17,0
2025-03-27,23,34.2,521.47,0
2025-03-28,0,23.4,416.96,0
2025-03-28,1,38.3,474.44,0
2025-03-28,2,23.1,260.36,0
2025-03-28,3,23.8,452.55,0
2025-03-28,4,28.4,494.01,0
2025-03-28,5,41.6,533.72,0
2025-03-28,6,33.1,446.27,0
2025-03-28,7,37.4,313.87,0
2025-03-28,8,35.2,359.72,0
2025-03-28,9,35.6,308.68,0
2025-03-28,10,44.4,353.38,0
2025-03-28,11,22.1,473.84,0
2025-03-28,12,36.4,402.7,0
2025-03-28,13,31.4,286.18,0
2025-03-28,14,35.8,357.63,0
2025-03-28,15,30.2,289.29,0
2025-03-28,16,35.6,293.31,0
2025-03-28,17,35.3,400.1,0
2025-03-28,18,35.7,471.43,0
2025-03-28,19,30.8,264.71,0
2025-03-28,20,36.3,461.2,0
2025-03-28,21,43.8,364.63,0
2025-03-28,22,32.7,293.74,0
2025-03-28,23,41.2,412.3,0
2025-03-29,0,37.4,498.58,0
2025-03-29,1,41.9,436.97,0
2025-03-29,2,34.2,425.89,0
2025-03-29,3,30.0,479.35,0
2025-03-29,4,32.9,316.24,0
2025-03-29,5,30.5,281.46,0
2025-03-29,6,37.4,305.39,0
2025-03-29,7,35.9,384.92,0
2025-03-29,8,35.3,489.46,0
2025-03-29,9,37.7,502.31,0
2025-03-29,10,30.4,462.8,0
2025-03-29,11,34.4,421.39,0
2025-03-29,12,33.9,483.37,0
2025-03-29,13,35.5,407.84,0
2025-03-29,14,30.2,302.94,0
2025-03-29,15,21.9,426.88,0
2025-03-29,16,36.6,294.45,0
2025-03-29,17,42.8,414.52,0
2025-03-29,18,27.8,370.61,0
2025-03-29,19,28.0,361.35,0
2025-03-29,20,43.3,385.69,0
2025-03-29,21,40.7,510.86,0
2025-03-29,22,22.3,294.44,0
2025-03-29,23,31.2,404.94,0
2025-03-30,0,20.4,361.84,1
2025-03-30,1,25.8,252.6,1
2025-03-30,2,41.3,304.49,1
2025-03-30,3,38.9,324.89,1
2025-03-30,4,35.0,340.42,1
2025-03-30,5,30.4,479.8,1
2025-03-30,6,35.3,520.62,1
2025-03-30,7,42.0,471.04,1
2025-03-30,8,40.2,332.1,1
2025-03-30,9,23.6,377.06,1
2025-03-30,10,42.1,500.72,1
2025-03-30,11,36.2,418.54,1
2025-03-30,12,20.6,362.46,1
2025-03-30,13,21.6,332.12,1
2025-03-30,14,38.1,510.17,1
2025-03-30,15,22.0,422.02,1
2025-03-30,16,40.5,309.16,1
2025-03-30,17,21.3,261.63,1
2025-03-30,18,20.9,396.24,1
2025-03-30,19,42.0,361.5,1
2025-03-30,20,26.2,431.51,1
2025-03-30,21,25.0,275.52,1
2025-03-30,22,31.1,505.68,1
2025-03-30,23,41.2,548.69,1
2025-03-31,0,33.8,337.65,0
2025-03-31,1,36.3,420.27,0
2025-03-31,2,42.2,453.87,0
2025-03-31,3,31.7,414.22,0
2025-03-31,4,30.5,423.7,0
2025-03-31,5,23.0,263.95,0
2025-03-31,6,28.4,393.7,0
2025-03-31,7,32.8,476.7,0
2025-03-31,8,41.9,496.43,0
2025-03-31,9,25.9,405.56,0
2025-03-31,10,29.9,339.52,0
2025-03-31,11,32.3,420.3,0
2025-03-31,12,42.5,402.82,0
2025-03-31,13,20.1,334.55,0
2025-03-31,14,24.5,461.45,0
2025-03-31,15,33.7,327.27,0
2025-03-31,16,23.0,265.1,0
2025-03-31,17,44.7,394.85,0
2025-03-31,18,44.3,318.24,0
2025-03-31,19,32.2,416.57,0
2025-03-31,20,44.1,488.72,0
2025-03-31,21,44.4,396.53,0
2025-03-31,22,20.8,424.25,0
2025-03-31,23,27.4,366.96,0
2025-04-01,0,23.2,442.16,0
2025-04-01,1,37.9,317.74,0
2025-04-01,2,26.1,313.89,0
2025-04-01,3,44.8,379.62,0
2025-04-01,4,42.6,399.14,0
2025-04-01,5,39.4,342.44,0
2025-04-01,6,33.4,313.6,0
2025-04-01,7,37.9,423.47,0
2025-04-01,8,26.5,304.63,0
2025-04-01,9,38.9,469.61,0
2025-04-01,10,40.2,342.58,0
2025-04-01,11,23.7,362.31,0
2025-04-01,12,34.8,296.86,0
2025-04-01,13,21.5,447.5,0
2025-04-01,14,37.3,527.09,0
2025-04-01,15,35.7,529.92,0
2025-04-01,16,28.7,319.72,0
2025-04-01,17,41.1,513.99,0
2025-04-01,18,40.7,550.41,0
2025-04-01,19,44.3,484.48,0
2025-04-01,20,42.3,404.32,0
2025-04-01,21,23.2,391.12,0
2025-04-01,22,27.1,324.51,0
2025-04-01,23,35.9,360.77,0
2025-04-02,0,33.2,396.23,0
2025-04-02,1,39.5,522.04,0
2025-04-02,2,41.8,376.08,0
2025-04-02,3,23.6,378.92,0
2025-04-02,4,28.1,468.97,0
2025-04-02,5,26.0,361.6,0
2025-04-02,6,42.8,356.14,0
2025-04-02,7,30.0,324.65,0
2025-04-02,8,42.3,466.03,0
2025-04-02,9,40.4,481.27,0
2025-04-02,10,21.6,264.13,0
2025-04-02,11,26.1,255.54,0
2025-04-02,12,26.2,336.25,0
2025-04-02,13,26.2,392.08,0
2025-04-02,14,22.9,476.24,0
2025-04-02,15,20.1,416.94,0
2025-04-02,16,34.4,305.07,0
2025-04-02,17,21.4,320.94,0
2025-04-02,18,40.8,489.73,0
2025-04-02,19,24.8,409.57,0
2025-04-02,20,31.4,408.85,0
2025-04-02,21,30.7,262.28,0
2025-04-02,22,36.6,374.17,0
2025-04-02,23,36.9,531.72,0
2025-04-03,0,43.4,483.99,0
2025-04-03,1,44.9,496.38,0
2025-04-03,2,34.2,484.34,0
2025-04-03,3,38.8,469.33,0
2025-04-03,4,39.9,398.81,0
2025-04-03,5,39.4,528.74,0
2025-04-03,6,39.8,448.64,0
2025-04-03,7,21.8,318.51,0
2025-04-03,8,23.3,471.63,0
2025-04-03,9,32.3,394.35,0
2025-04-03,10,30.1,391.15,0
2025-04-03,11,26.1,351.72,0
2025-04-03,12,39.2,375.94,0
2025-04-03,13,34.3,319.02,0
2025-04-03,14,40.4,493.66,0
2025-04-03,15,24.2,253.66,0
2025-04-03,16,33.0,390.83,0
2025-04-03,17,43.2,465.19,0
2025-04-03,18,39.7,452.53,0
2025-04-03,19,21.9,297.79,0
2025-04-03,20,22.9,276.9,0
2025-04-03,21,30.7,493.41,0
2025-04-03,22,40.0,541.68,0
2025-04-03,23,33.4,338.57,0
2025-04-04,0,22.7,308.26,0
2025-04-04,1,39.1,330.34,0
2025-04-04,2,34.6,419.46,0
2025-04-04,3,23.8,421.84,0
2025-04-04,4,37.4,531.23,0
2025-04-04,5,40.3,524.97,0
2025-04-04,6,39.7,490.72,0
2025-04-04,7,30.4,260.94,0
2025-04-04,8,22.3,357.57,0
2025-04-04,9,43.4,357.11,0
2025-04-04,10,23.3,298.37,0
2025-04-04,11,30.5,376.57,0
2025-04-04,12,34.5,346.58,0
2025-04-04,13,37.2,425.75,0
2025-04-04,14,27.2,294.96,0
2025-04-04,15,42.2,359.66,0
2025-04-04,16,29.4,305.34,0
2025-04-04,17,25.6,272.21,0
2025-04-04,18,34.3,453.97,0
2025-04-04,19,25.3,391.42,0
2025-04-04,20,26.1,362.9,0
2025-04-04,21,20.7,409.15,0
2025-04-04,22,23.7,422.13,0
2025-04-04,23,20.5,371.76,0
2025-04-05,0,29.5,468.23,0
2025-04-05,1,39.0,481.31,0
2025-04-05,2,24.7,293.12,0
2025-04-05,3,38.8,348.42,0
2025-04-05,4,40.1,362.11,0
2025-04-05,5,21.9,356.74,0
2025-04-05,6,40.5,451.34,0
2025-04-05,7,24.6,380.9,0
2025-04-05,8,40.9,546.61,0
2025-04-05,9,31.1,288.73,0
2025-04-05,10,25.9,334.32,0
2025-04-05,11,27.8,301.32,0
2025-04-05,12,43.5,313.14,0
2025-04-05,13,24.3,447.14,0
2025-04-05,14,42.3,410.0,0
2025-04-05,15,29.1,254.9,0
2025-04-05,16,20.3,446.43,0
2025-04-05,17,25.7,297.25,0
2025-04-05,18,44.2,361.42,0
2025-04-05,19,31.0,276.05,0
2025-04-05,20,34.5,459.63,0
2025-04-05,21,24.9,360.16,0
2025-04-05,22,41.5,468.35,0
2025-04-05,23,27.5,433.68,0
2025-04-06,0,25.0,243.55,1
2025-04-06,1,37.8,393.3,1
2025-04-06,2,20.0,231.86,1
2025-04-06,3,28.3,302.85,1
2025-04-06,4,44.6,437.06,1
2025-04-06,5,33.2,377.2,1
2025-04-06,6,20.8,267.82,1
2025-04-06,7,24.9,374.61,1
2025-04-06,8,36.1,470.61,1
2025-04-06,9,20.0,380.39,1
2025-04-06,10,28.5,461.31,1
2025-04-06,11,22.9,310.79,1
2025-04-06,12,38.3,459.36,1
2025-04-06,13,44.7,365.51,1
2025-04-06,14,29.4,316.99,1
2025-04-06,15,22.4,423.48,1
2025-04-06,16,36.9,349.57,1
2025-04-06,17,21.6,307.64,1
2025-04-06,18,23.6,406.22,1
2025-04-06,19,44.2,563.71,1
2025-04-06,20,38.8,353.65,1
2025-04-06,21,30.4,377.91,1
2025-04-06,22,41.1,443.74,1
2025-04-06,23,39.4,368.26,1
2025-04-07,0,26.6,356.58,0
2025-04-07,1,29.8,315.44,0
2025-04-07,2,31.7,299.37,0
2025-04-07,3,33.3,333.5,0
2025-04-07,4,41.7,429.54,0
2025-04-07,5,44.3,516.56,0
2025-04-07,6,34.8,441.67,0
2025-04-07,7,27.4,391.33,0
2025-04-07,8,36.2,427.48,0
2025-04-07,9,43.1,475.39,0
2025-04-07,10,20.7,295.5,0
2025-04-07,11,37.5,329.14,0
2025-04-07,12,30.3,342.53,0
2025-04-07,13,23.0,398.32,0
2025-04-07,14,20.5,372.66,0
2025-04-07,15,33.2,495.98,0
2025-04-07,16,31.4,473.79,0
2025-04-07,17,23.2,385.05,0
2025-04-07,18,43.6,320.65,0
2025-04-07,19,43.6,483.97,0
2025-04-07,20,36.2,525.48,0
2025-04-07,21,44.9,431.74,0
2025-04-07,22,41.8,408.45,0
2025-04-07,23,26.3,308.61,0
2025-04-08,0,43.6,535.65,0
2025-04-08,1,34.1,428.75,0
2025-04-08,2,34.5,471.64,0
2025-04-08,3,33.7,509.16,0
2025-04-08,4,33.2,497.68,0
2025-04-08,5,44.6,530.96,0
2025-04-08,6,27.6,314.03,0
2025-04-08,7,34.2,345.22,0
2025-04-08,8,34.2,461.7,0
2025-04-08,9,37.4,445.19,0
2025-04-08,10,32.0,508.62,0
2025-04-08,11,20.1,277.7,0
2025-04-08,12,36.5,345.24,0
2025-04-08,13,25.8,398.48,0
2025-04-08,14,22.6,246.56,0
2025-04-08,15,36.3,363.85,0
2025-04-08,16,27.8,282.85,0
2025-04-08,17,21.5,273.24,0
2025-04-08,18,23.3,452.78,0
2025-04-08,19,24.5,334.8,0
2025-04-08,20,36.4,373.53,0
2025-04-08,21,27.6,389.7,0
2025-04-08,22,21.2,223.44,0
2025-04-08,23,39.8,514.66,0
2025-04-09,0,21.6,332.04,0
2025-04-09,1,23.2,247.01,0
2025-04-09,2,22.3,456.53,0
2025-04-09,3,22.3,249.16,0
2025-04-09,4,36.7,345.82,0
2025-04-09,5,25.8,432.94,0
2025-04-09,6,42.7,497.65,0
2025-04-09,7,33.8,508.03,0
2025-04-09,8,20.2,390.08,0
2025-04-09,9,31.5,421.62,0
2025-04-09,10,31.2,382.37,0
2025-04-09,11,36.3,368.44,0
2025-04-09,12,44.1,563.95,0
2025-04-09,13,41.2,377.54,0
2025-04-09,14,35.7,455.09,0
2025-04-09,15,44.0,494.65,0
2025-04-09,16,25.8,433.55,0
2025-04-09,17,21.7,357.96,0
2025-04-09,18,26.5,395.29,0
2025-04-09,19,41.8,308.68,0
2025-04-09,20,44.3,463.3,0
2025-04-09,21,38.2,490.92,0
2025-04-09,22,38.0,513.6,0
2025-04-09,23,32.8,501.09,0
2025-04-10,0,35.5,432.02,0
2025-04-10,1,38.4,527.81,0
2025-04-10,2,30.2,456.57,0
2025-04-10,3,22.5,428.42,0
2025-04-10,4,26.1,340.98,0
2025-04-10,5,32.3,498.21,0
2025-04-10,6,31.7,408.45,0
2025-04-10,7,29.5,370.62,0
2025-04-10,8,44.2,318.2,0
2025-04-10,9,30.5,265.88,0
2025-04-10,10,39.4,319.8,0
2025-04-10,11,43.0,544.06,0
2025-04-10,12,26.0,255.7,0
2025-04-10,13,23.0,303.86,0
2025-04-10,14,44.8,423.62,0
2025-04-10,15,28.9,288.68,0
2025-04-10,16,29.7,395.71,0
2025-04-10,17,24.7,290.47,0
2025-04-10,18,38.5,476.81,0
2025-04-10,19,25.1,292.78,0
2025-04-10,20,38.6,406.52,0
2025-04-10,21,43.6,372.41,0
2025-04-10,22,24.1,370.89,0
2025-04-10,23,24.1,278.37,0
2025-04-11,0,22.5,229.94,0
2025-04-11,1,37.6,422.82,0
2025-04-11,2,39.5,299.59,0
2025-04-11,3,39.1,530.6,0
2025-04-11,4,44.5,396.7,0
2025-04-11,5,23.8,353.9,0
2025-04-11,6,23.7,471.31,0
2025-04-11,7,34.0,466.16,0
2025-04-11,8,23.2,412.25,0
2025-04-11,9,38.5,473.24,0
2025-04-11,10,34.7,440.59,0
2025-04-11,11,27.3,420.92,0
2025-04-11,12,37.3,507.89,0
2025-04-11,13,22.9,295.42,0
2025-04-11,14,24.8,322.88,0
2025-04-11,15,33.5,422.09,0
2025-04-11,16,38.9,487.32,0
2025-04-11,17,40.0,481.78,0
2025-04-11,18,37.3,493.11,0
2025-04-11,19,20.6,352.29,0
2025-04-11,20,23.5,288.17,0
2025-04-11,21,37.0,468.55,0
2025-04-11,22,26.1,343.13,0
2025-04-11,23,27.2,276.48,0
2025-04-12,0,21.4,437.16,0
2025-04-12,1,30.6,457.08,0
2025-04-12,2,36.2,397.52,0
2025-04-12,3,22.3,404.45,0
2025-04-12,4,40.3,529.11,0
2025-04-12,5,33.8,349.2,0
2025-04-12,6,38.2,318.66,0
2025-04-12,7,32.7,385.12,0
2025-04-12,8,37.3,459.34,0
2025-04-12,9,29.1,291.84,0
2025-04-12,10,42.9,550.07,0
2025-04-12,11,35.5,493.32,0
2025-04-12,12,24.1,371.9,0
2025-04-12,13,35.0,401.31,0
2025-04-12,14,34.2,471.05,0
2025-04-12,15,29.4,319.34,0
2025-04-12,16,29.8,267.62,0
2025-04-12,17,26.2,437.83,0
2025-04-12,18,32.7,273.68,0
2025-04-12,19,40.1,384.91,0
2025-04-12,20,20.6,345.52,0
2025-04-12,21,27.8,349.3,0
2025-04-12,22,24.3,296.77,0
2025-04-12,23,29.1,447.51,0
2025-04-13,0,43.4,314.34,1
2025-04-13,1,23.9,284.09,1
2025-04-13,2,28.5,386.13,1
2025-04-13,3,42.7,480.95,1
2025-04-13,4,42.5,430.82,1
2025-04-13,5,32.7,510.55,1
2025-04-13,6,32.7,488.72,1
2025-04-13,7,30.9,387.26,1
2025-04-13,8,38.3,399.71,1
2025-04-13,9,40.8,301.69,1
2025-04-13,10,32.2,514.7,1
2025-04-13,11,37.4,409.45,1
2025-04-13,12,23.9,321.98,1
2025-04-13,13,44.0,373.31,1
2025-04-13,14,25.0,446.01,1
2025-04-13,15,20.6,274.37,1
2025-04-13,16,43.0,373.71,1
2025-04-13,17,32.1,268.32,1
2025-04-13,18,29.1,294.85,1
2025-04-13,19,37.1,500.15,1
2025-04-13,20,39.7,314.41,1
2025-04-13,21,41.4,320.2,1
2025-04-13,22,31.0,292.3,1
2025-04-13,23,28.6,330.29,1
2025-04-14,0,21.2,456.51,0
2025-04-14,1,41.1,543.41,0
2025-04-14,2,24.3,311.03,0
2025-04-14,3,34.1,309.34,0
2025-04-14,4,33.9,385.03,0
2025-04-14,5,22.1,232.56,0
2025-04-14,6,34.7,487.74,0
2025-04-14,7,41.8,317.46,0
2025-04-14,8,23.0,392.36,0
2025-04-14,9,27.6,328.88,0
2025-04-14,10,40.9,357.69,0
2025-04-14,11,38.5,378.93,0
2025-04-14,12,23.7,429.06,0
2025-04-14,13,31.9,348.92,0
2025-04-14,14,32.7,412.58,0
2025-04-14,15,22.2,442.86,0
2025-04-14,16,23.0,286.08,0
2025-04-14,17,26.3,484.16,0
2025-04-14,18,30.3,292.14,0
2025-04-14,19,23.3,384.02,0
2025-04-14,20,30.9,453.98,0
2025-04-14,21,41.1,371.82,0
2025-04-14,22,30.7,368.03,0
2025-04-14,23,22.7,288.54,0
2025-04-15,0,39.7,437.32,0
2025-04-15,1,29.3,288.15,0
2025-04-15,2,40.9,338.95,0
2025-04-15,3,27.2,439.83,0
2025-04-15,4,40.9,428.86,0
2025-04-15,5,31.7,501.26,0
2025-04-15,6,44.8,532.01,0
2025-04-15,7,37.0,373.39,0
2025-04-15,8,41.0,449.46,0
2025-04-15,9,40.9,393.44,0
2025-04-15,10,41.4,308.2,0
2025-04-15,11,30.3,326.19,0
2025-04-15,12,33.6,411.5,0
2025-04-15,13,29.2,268.36,0
2025-04-15,14,34.9,487.78,0
2025-04-15,15,24.3,407.51,0
2025-04-15,16,40.5,422.45,0
2025-04-15,17,30.1,288.79,0
2025-04-15,18,39.6,424.59,0
2025-04-15,19,30.9,379.61,0
2025-04-15,20,29.3,318.94,0
2025-04-15,21,29.4,439.13,0
2025-04-15,22,41.2,500.96,0
2025-04-15,23,28.3,385.39,0
2025-04-16,0,25.9,276.93,0
2025-04-16,1,24.1,383.29,0
2025-04-16,2,26.3,440.91,0
2025-04-16,3,30.8,460.97,0
2025-04-16,4,34.2,425.46,0
2025-04-16,5,28.1,415.57,0
2025-04-16,6,27.6,341.1,0
2025-04-16,7,33.0,473.44,0
2025-04-16,8,39.6,510.12,0
2025-04-16,9,41.4,460.6,0
2025-04-16,10,28.1,442.24,0
2025-04-16,11,33.4,471.75,0
2025-04-16,12,41.1,470.7,0
2025-04-16,13,36.1,459.44,0
2025-04-16,14,32.7,273.35,0
2025-04-16,15,44.4,317.45,0
2025-04-16,16,41.3,504.62,0
2025-04-16,17,31.4,292.41,0
2025-04-16,18,37.4,308.77,0
2025-04-16,19,34.3,460.01,0
2025-04-16,20,33.5,395.89,0
2025-04-16,21,36.9,430.93,0
2025-04-16,22,42.7,490.66,0
2025-04-16,23,20.9,413.3,0
2025-04-17,0,41.3,524.86,0
2025-04-17,1,21.1,382.77,0
2025-04-17,2,36.9,463.02,0
2025-04-17,3,34.1,343.02,0
2025-04-17,4,20.6,433.65,0
2025-04-17,5,28.6,268.41,0
2025-04-17,6,44.8,416.48,0
2025-04-17,7,35.0,310.15,0
2025-04-17,8,21.2,327.11,0
2025-04-17,9,39.0,365.33,0
2025-04-17,10,20.2,427.04,0
2025-04-17,11,27.4,321.91,0
2025-04-17,12,40.1,540.42,0
2025-04-17,13,24.1,303.02,0
2025-04-17,14,39.2,444.44,0
2025-04-17,15,40.4,491.16,0
2025-04-17,16,44.8,327.88,0
2025-04-17,17,44.0,562.91,0
2025-04-17,18,44.1,339.07,0
2025-04-17,19,31.2,473.03,0
2025-04-17,20,40.1,362.06,0
2025-04-17,21,33.3,297.44,0
2025-04-17,22,42.0,425.41,0
2025-04-17,23,31.4,360.98,0
2025-04-18,0,27.8,271.08,0
2025-04-18,1,32.8,449.6,0
2025-04-18,2,27.0,381.24,0
2025-04-18,3,32.7,444.05,0
2025-04-18,4,41.4,336.83,0
2025-04-18,5,20.4,244.44,0
2025-04-18,6,28.3,294.89,0
2025-04-18,7,22.6,427.76,0
2025-04-18,8,31.9,329.89,0
2025-04-18,9,21.1,361.51,0
2025-04-18,10,21.2,319.72,0
2025-04-18,11,28.4,426.47,0
2025-04-18,12,40.7,469.11,0
2025-04-18,13,29.2,314.2,0
2025-04-18,14,30.3,424.85,0
2025-04-18,15,35.5,520.29,0
2025-04-18,16,40.1,375.43,0
2025-04-18,17,28.7,323.66,0
2025-04-18,18,42.8,340.43,0
2025-04-18,19,23.7,237.9,0
2025-04-18,20,42.9,324.46,0
2025-04-18,21,33.9,313.49,0
2025-04-18,22,43.9,396.67,0
2025-04-18,23,44.2,540.75,0
2025-04-19,0,29.1,310.25,0
2025-04-19,1,29.5,471.28,0
2025-04-19,2,31.3,333.35,0
2025-04-19,3,29.3,383.73,0
2025-04-19,4,42.0,534.48,0
2025-04-19,5,20.1,392.09,0
2025-04-19,6,40.0,432.44,0
2025-04-19,7,41.2,360.61,0
2025-04-19,8,34.9,478.35,0
2025-04-19,9,28.0,471.65,0
2025-04-19,10,29.6,475.52,0
2025-04-19,11,22.0,403.09,0
2025-04-19,12,42.2,540.56,0
2025-04-19,13,26.5,425.54,0
2025-04-19,14,40.3,488.74,0
2025-04-19,15,29.8,412.71,0
2025-04-19,16,44.2,430.4,0
2025-04-19,17,32.7,434.79,0
2025-04-19,18,34.1,416.6,0
2025-04-19,19,35.4,343.41,0
2025-04-19,20,35.3,286.63,0
2025-04-19,21,25.9,470.39,0
2025-04-19,22,20.9,459.78,0
2025-04-19,23,28.9,501.6,0
2025-04-20,0,22.9,264.55,1
2025-04-20,1,37.8,409.18,1
2025-04-20,2,23.6,323.13,1
2025-04-20,3,32.2,415.77,1
2025-04-20,4,22.4,319.35,1
2025-04-20,5,30.2,352.82,1
2025-04-20,6,27.6,490.81,1
2025-04-20,7,20.4,354.76,1
2025-04-20,8,33.8,519.82,1
2025-04-20,9,38.2,480.47,1
2025-04-20,10,41.2,464.77,1
2025-04-20,11,41.0,438.7,1
2025-04-20,12,20.1,266.91,1
2025-04-20,13,44.5,503.9,1
2025-04-20,14,40.3,443.57,1
2025-04-20,15,44.8,376.55,1
2025-04-20,16,36.1,403.62,1
2025-04-20,17,33.5,350.94,1
2025-04-20,18,28.9,441.73,1
2025-04-20,19,43.4,384.92,1
2025-04-20,20,40.8,356.12,1
2025-04-20,21,27.1,359.73,1
2025-04-20,22,21.1,289.76,1
2025-04-20,23,44.6,344.05,1
2025-04-21,0,42.6,315.66,0
2025-04-21,1,43.4,460.61,0
2025-04-21,2,38.2,514.37,0
2025-04-21,3,32.7,461.49,0
2025-04-21,4,37.4,475.73,0
2025-04-21,5,43.2,379.36,0
2025-04-21,6,39.9,525.41,0
2025-04-21,7,28.6,313.69,0
2025-04-21,8,33.8,455.52,0
2025-04-21,9,35.8,334.19,0
2025-04-21,10,32.2,493.32,0
2025-04-21,11,34.8,289.98,0
2025-04-21,12,35.9,348.25,0
2025-04-21,13,35.1,504.64,0
2025-04-21,14,40.7,375.74,0
2025-04-21,15,23.4,255.47,0
2025-04-21,16,44.5,429.46,0
2025-04-21,17,34.3,447.47,0
2025-04-21,18,38.9,296.64,0
2025-04-21,19,31.4,351.43,0
2025-04-21,20,28.7,483.89,0
2025-04-21,21,30.5,441.63,0
2025-04-21,22,43.5,341.97,0
2025-04-21,23,43.2,440.07,0
2025-04-22,0,39.3,425.0,0
2025-04-22,1,25.3,341.21,0
2025-04-22,2,21.2,319.11,0
2025-04-22,3,38.1,474.06,0
2025-04-22,4,28.4,367.41,0
2025-04-22,5,32.7,285.78,0
2025-04-22,6,36.3,307.33,0
2025-04-22,7,24.3,483.57,0
2025-04-22,8,32.4,466.45,0
2025-04-22,9,26.9,305.91,0
2025-04-22,10,24.4,284.79,0
2025-04-22,11,37.7,499.95,0
2025-04-22,12,40.9,463.65,0
2025-04-22,13,22.2,303.42,0
2025-04-22,14,21.9,344.27,0
2025-04-22,15,23.0,419.24,0
2025-04-22,16,32.4,438.25,0
2025-04-22,17,40.5,443.01,0
2025-04-22,18,21.7,238.48,0
2025-04-22,19,36.2,348.4,0
2025-04-22,20,23.5,481.03,0
2025-04-22,21,21.0,438.12,0
2025-04-22,22,38.1,430.33,0
2025-04-22,23,22.4,394.09,0
2025-04-23,0,28.5,422.34,0
2025-04-23,1,21.5,416.37,0
2025-04-23,2,21.3,457.61,0
2025-04-23,3,37.8,382.81,0
2025-04-23,4,33.0,280.76,0
2025-04-23,5,26.9,416.72,0
2025-04-23,6,24.1,404.18,0
2025-04-23,7,27.5,462.58,0
2025-04-23,8,36.8,454.6,0
2025-04-23,9,28.6,291.54,0
2025-04-23,10,28.6,476.02,0
2025-04-23,11,29.2,303.28,0
2025-04-23,12,37.9,436.95,0
2025-04-23,13,33.4,274.16,0
2025-04-23,14,43.2,310.89,0
2025-04-23,15,35.0,517.57,0
2025-04-23,16,28.3,468.56,0
2025-04-23,17,44.5,454.66,0
2025-04-23,18,42.5,410.07,0
2025-04-23,19,23.0,276.96,0
2025-04-23,20,38.0,387.59,0
2025-04-23,21,26.1,272.84,0
2025-04-23,22,35.1,300.85,0
2025-04-23,23,31.5,336.56,0
2025-04-24,0,43.0,461.44,0
2025-04-24,1,24.1,254.63,0
2025-04-24,2,23.7,293.63,0
2025-04-24,3,28.9,400.62,0
2025-04-24,4,42.6,315.14,0
2025-04-24,5,31.1,313.49,0
2025-04-24,6,40.3,545.67,0
2025-04-24,7,21.8,346.52,0
2025-04-24,8,40.6,439.62,0
2025-04-24,9,28.4,483.79,0
2025-04-24,10,35.2,468.62,0
2025-04-24,11,41.6,409.63,0
2025-04-24,12,26.7,268.83,0
2025-04-24,13,40.3,306.37,0
2025-04-24,14,35.2,437.0,0
2025-04-24,15,35.4,323.95,0
2025-04-24,16,44.5,462.78,0
2025-04-24,17,31.9,346.66,0
2025-04-24,18,40.2,445.86,0
2025-04-24,19,36.3,487.76,0
2025-04-24,20,23.6,268.64,0
2025-04-24,21,38.6,360.96,0
2025-04-24,22,33.5,510.5,0
2025-04-24,23,37.2,314.1,0
2025-04-25,0,38.4,402.34,0
2025-04-25,1,31.7,455.38,0
2025-04-25,2,29.8,430.69,0
2025-04-25,3,24.2,288.11,0
2025-04-25,4,25.6,338.91,0
2025-04-25,5,21.5,245.33,0
2025-04-25,6,45.0,421.93,0
2025-04-25,7,33.1,508.38,0
2025-04-25,8,30.3,490.27,0
2025-04-25,9,35.4,325.81,0
2025-04-25,10,39.2,311.13,0
2025-04-25,11,37.3,383.72,0
2025-04-25,12,33.9,333.68,0
2025-04-25,13,45.0,471.58,0
2025-04-25,14,21.1,471.29,0
2025-04-25,15,31.2,379.25,0
2025-04-25,16,32.9,474.22,0
2025-04-25,17,36.1,429.89,0
2025-04-25,18,29.6,273.68,0
2025-04-25,19,42.0,311.66,0
2025-04-25,20,33.0,377.36,0
2025-04-25,21,36.6,441.63,0
2025-04-25,22,30.6,329.74,0
2025-04-25,23,32.8,516.2,0
2025-04-26,0,40.3,327.66,0
2025-04-26,1,40.7,517.41,0
2025-04-26,2,27.9,273.86,0
2025-04-26,3,35.2,447.07,0
2025-04-26,4,38.4,488.94,0
2025-04-26,5,43.0,337.51,0
2025-04-26,6,21.0,380.38,0
2025-04-26,7,36.8,498.25,0
2025-04-26,8,44.5,343.28,0
2025-04-26,9,42.9,361.05,0
2025-04-26,10,36.9,354.85,0
2025-04-26,11,40.8,511.22,0
2025-04-26,12,41.6,480.39,0
2025-04-26,13,39.3,408.72,0
2025-04-26,14,42.8,434.86,0
2025-04-26,15,26.8,337.74,0
2025-04-26,16,20.4,237.74,0
2025-04-26,17,34.9,352.68,0
2025-04-26,18,22.0,409.41,0
2025-04-26,19,36.4,407.48,0
2025-04-26,20,42.4,529.37,0
2025-04-26,21,22.2,465.18,0
2025-04-26,22,35.6,322.85,0
2025-04-26,23,43.8,524.0,0
2025-04-27,0,42.6,489.59,1
2025-04-27,1,22.7,240.97,1
2025-04-27,2,38.3,445.64,1
2025-04-27,3,43.2,376.81,1
2025-04-27,4,44.1,513.79,1
2025-04-27,5,21.6,310.69,1
2025-04-27,6,20.6,425.03,1
2025-04-27,7,28.1,401.14,1
2025-04-27,8,42.2,377.39,1
2025-04-27,9,29.3,404.28,1
2025-04-27,10,28.5,459.92,1
2025-04-27,11,35.0,423.1,1
2025-04-27,12,34.9,299.65,1
2025-04-27,13,27.9,369.59,1
2025-04-27,14,21.1,445.13,1
2025-04-27,15,37.7,504.06,1
2025-04-27,16,30.2,333.99,1
2025-04-27,17,42.6,495.3,1
2025-04-27,18,32.0,312.28,1
2025-04-27,19,20.4,299.59,1
2025-04-27,20,28.7,397.6,1
2025-04-27,21,45.0,562.44,1
2025-04-27,22,20.4,290.27,1
2025-04-27,23,36.0,352.21,1
2025-04-28,0,37.9,503.15,0
2025-04-28,1,34.5,474.28,0
2025-04-28,2,26.9,474.94,0
2025-04-28,3,25.8,362.69,0
2025-04-28,4,26.1,481.51,0
2025-04-28,5,26.4,444.57,0
2025-04-28,6,44.4,503.95,0
2025-04-28,7,28.5,416.57,0
2025-04-28,8,36.0,523.4,0
2025-04-28,9,38.7,525.75,0
2025-04-28,10,40.4,512.53,0
2025-04-28,11,34.4,387.89,0
2025-04-28,12,34.4,365.1,0
2025-04-28,13,30.7,363.07,0
2025-04-28,14,40.2,397.78,0
2025-04-28,15,44.1,540.62,0
2025-04-28,16,33.1,304.17,0
2025-04-28,17,34.0,315.05,0
2025-04-28,18,43.5,519.34,0
2025-04-28,19,40.7,483.38,0
2025-04-28,20,42.2,434.59,0
2025-04-28,21,31.4,371.85,0
2025-04-28,22,21.3,461.91,0
2025-04-28,23,26.6,263.2,0
2025-04-29,0,21.5,291.14,0
2025-04-29,1,23.0,466.38,0
2025-04-29,2,36.5,337.02,0
2025-04-29,3,27.8,346.51,0
2025-04-29,4,39.1,404.71,0
2025-04-29,5,39.9,365.52,0
2025-04-29,6,34.4,508.28,0
2025-04-29,7,34.4,415.14,0
2025-04-29,8,27.1,466.0,0
2025-04-29,9,43.2,472.93,0
2025-04-29,10,22.9,356.55,0
2025-04-29,11,41.6,412.41,0
2025-04-29,12,33.5,453.94,0
2025-04-29,13,20.8,300.33,0
2025-04-29,14,35.0,419.55,0
2025-04-29,15,39.1,473.44,0
2025-04-29,16,33.0,378.53,0
2025-04-29,17,25.4,441.67,0
2025-04-29,18,21.3,436.26,0
2025-04-29,19,22.9,323.36,0
2025-04-29,20,39.0,387.17,0
2025-04-29,21,37.6,303.21,0
2025-04-29,22,43.0,492.34,0
2025-04-29,23,25.3,263.56,0
2025-04-30,0,35.7,493.95,0
2025-04-30,1,20.3,388.79,0
2025-04-30,2,43.5,539.38,0
2025-04-30,3,40.5,520.19,0
2025-04-30,4,31.8,312.8,0
2025-04-30,5,39.9,330.38,0
2025-04-30,6,24.4,447.79,0
2025-04-30,7,36.9,451.94,0
2025-04-30,8,21.2,224.66,0
2025-04-30,9,27.6,261.63,0
2025-04-30,10,35.9,306.13,0
2025-04-30,11,22.0,451.15,0
2025-04-30,12,43.9,517.9,0
2025-04-30,13,35.8,415.93,0
2025-04-30,14,20.1,440.74,0
2025-04-30,15,35.7,469.81,0
2025-04-30,16,25.6,292.41,0
2025-04-30,17,35.0,338.62,0
2025-04-30,18,20.8,360.02,0
2025-04-30,19,40.3,529.3,0
2025-04-30,20,34.7,383.99,0
2025-04-30,21,23.7,406.0,0
2025-04-30,22,44.0,404.43,0
2025-04-30,23,21.7,236.9,0
2025-05-01,0,32.2,301.01,0
2025-05-01,1,25.1,307.8,0
2025-05-01,2,24.4,286.5,0
2025-05-01,3,35.9,297.77,0
2025-05-01,4,20.0,341.1,0
2025-05-01,5,40.6,527.63,0
2025-05-01,6,43.1,331.77,0
2025-05-01,7,36.0,481.8,0
2025-05-01,8,44.8,526.54,0
2025-05-01,9,36.7,370.06,0
2025-05-01,10,27.3,278.08,0
2025-05-01,11,29.8,443.26,0
2025-05-01,12,43.3,514.46,0
2025-05-01,13,42.5,317.25,0
2025-05-01,14,36.2,322.21,0
2025-05-01,15,30.8,490.45,0
2025-05-01,16,29.4,329.79,0
2025-05-01,17,44.7,522.04,0
2025-05-01,18,44.7,390.86,0
2025-05-01,19,29.7,426.35,0
2025-05-01,20,21.2,328.01,0
2025-05-01,21,34.7,360.9,0
2025-05-01,22,20.4,391.7,0
2025-05-01,23,30.5,412.23,0
2025-05-02,0,41.6,338.16,0
2025-05-02,1,43.0,477.99,0
2025-05-02,2,41.6,521.39,0
2025-05-02,3,25.0,419.22,0
2025-05-02,4,30.2,497.8,0
2025-05-02,5,33.8,491.25,0
2025-05-02,6,28.4,302.42,0
2025-05-02,7,20.4,229.49,0
2025-05-02,8,20.0,318.93,0
2025-05-02,9,24.2,317.79,0
2025-05-02,10,37.1,502.84,0
2025-05-02,11,39.7,306.49,0
2025-05-02,12,44.7,456.22,0
2025-05-02,13,40.5,535.87,0
2025-05-02,14,24.9,269.92,0
2025-05-02,15,42.6,448.21,0
2025-05-02,16,32.9,406.46,0
2025-05-02,17,27.6,468.91,0
2025-05-02,18,33.6,462.83,0
2025-05-02,19,32.4,363.01,0
2025-05-02,20,38.3,374.78,0
2025-05-02,21,28.4,481.98,0
2025-05-02,22,35.0,306.21,0
2025-05-02,23,39.8,375.98,0
2025-05-03,0,21.8,240.45,0
2025-05-03,1,22.9,478.08,0
2025-05-03,2,33.3,349.37,0
2025-05-03,3,43.5,345.36,0
2025-05-03,4,34.5,280.86,0
2025-05-03,5,41.1,430.39,0
2025-05-03,6,26.1,399.47,0
2025-05-03,7,27.8,479.86,0
2025-05-03,8,30.8,416.89,0
2025-05-03,9,44.1,483.31,0
2025-05-03,10,38.9,296.62,0
2025-05-03,11,28.5,307.63,0
2025-05-03,12,27.0,375.47,0
2025-05-03,13,28.9,341.26,0
2025-05-03,14,22.1,282.9,0
2025-05-03,15,26.1,463.33,0
2025-05-03,16,38.2,381.67,0
2025-05-03,17,27.5,405.53,0
2025-05-03,18,29.0,260.8,0
2025-05-03,19,37.8,399.25,0
2025-05-03,20,41.1,485.76,0
2025-05-03,21,25.2,371.6,0
2025-05-03,22,32.3,494.89,0
2025-05-03,23,33.8,429.35,0
2025-05-04,0,31.1,353.9,1
2025-05-04,1,36.3,454.69,1
2025-05-04,2,29.6,455.69,1
2025-05-04,3,23.8,462.94,1
2025-05-04,4,32.1,514.62,1
2025-05-04,5,36.1,505.94,1
2025-05-04,6,28.0,474.3,1
2025-05-04,7,35.4,321.75,1
2025-05-04,8,22.3,442.88,1
2025-05-04,9,20.9,449.75,1
2025-05-04,10,42.5,442.61,1
2025-05-04,11,30.2,471.36,1
2025-05-04,12,39.5,543.21,1
2025-05-04,13,42.3,500.65,1
2025-05-04,14,44.5,367.77,1
2025-05-04,15,34.3,336.41,1
2025-05-04,16,35.2,513.62,1
2025-05-04,17,39.2,444.91,1
2025-05-04,18,38.7,434.24,1
2025-05-04,19,33.2,278.91,1
2025-05-04,20,21.9,456.46,1
2025-05-04,21,26.2,386.6,1
2025-05-04,22,29.7,277.58,1
2025-05-04,23,31.9,293.14,1
2025-05-05,0,23.5,439.51,0
2025-05-05,1,42.1,515.22,0
2025-05-05,2,27.0,280.58,0
2025-05-05,3,36.9,474.35,0
2025-05-05,4,34.1,339.4,0
2025-05-05,5,26.3,441.23,0
2025-05-05,6,40.3,470.36,0
2025-05-05,7,28.6,498.96,0
2025-05-05,8,42.8,441.87,0
2025-05-05,9,22.0,347.39,0
2025-05-05,10,42.2,311.39,0
2025-05-05,11,39.1,464.09,0
2025-05-05,12,35.3,419.74,0
2025-05-05,13,36.4,418.73,0
2025-05-05,14,34.5,297.23,0
2025-05-05,15,40.0,519.7,0
2025-05-05,16,34.2,293.38,0
2025-05-05,17,21.1,374.45,0
2025-05-05,18,22.9,333.5,0
2025-05-05,19,25.4,411.9,0
2025-05-05,20,41.2,420.12,0
2025-05-05,21,26.5,307.04,0
2025-05-05,22,43.6,446.46,0
2025-05-05,23,20.0,374.21,0
2025-05-06,0,32.8,352.31,0
2025-05-06,1,37.9,383.63,0
2025-05-06,2,33.6,419.15,0
2025-05-06,3,29.5,268.06,0
2025-05-06,4,33.4,516.59,0
2025-05-06,5,22.7,277.82,0
2025-05-06,6,27.4,318.77,0
2025-05-06,7,21.2,426.61,0
2025-05-06,8,34.5,358.09,0
2025-05-06,9,40.5,444.83,0
2025-05-06,10,43.5,417.01,0
2025-05-06,11,30.9,312.26,0
2025-05-06,12,29.2,352.71,0
2025-05-06,13,44.3,561.05,0
2025-05-06,14,39.8,370.05,0
2025-05-06,15,42.1,447.26,0
2025-05-06,16,41.3,440.35,0
2025-05-06,17,35.2,443.66,0
2025-05-06,18,41.4,436.76,0
2025-05-06,19,36.3,412.13,0
2025-05-06,20,38.6,478.5,0
2025-05-06,21,38.8,344.7,0
2025-05-06,22,30.7,425.04,0
2025-05-06,23,35.1,450.33,0
